<?xml version="1.0" encoding="UTF-8"?>
<config xmlns="http://www.knime.org/2008/09/XMLConfig" xmlns:xsi="http://www.w3.org/2001/XMLSchema-instance" xsi:schemaLocation="http://www.knime.org/2008/09/XMLConfig http://www.knime.org/XMLConfig_2008_09.xsd" key="model.xml">
    <entry key="version" type="xint" value="1"/>
    <entry key="class_name" type="xstring" value="org.knime.base.data.normalize.NormalizerPortObject"/>
    <config key="model">
        <config key="columns">
            <config key="NEGATIVO+Sum(TF abs)">
                <entry key="column_name" type="xstring" value="NEGATIVO+Sum(TF abs)"/>
                <entry key="column_scale" type="xdouble" value="7.137758743754461E-4"/>
                <entry key="column_translate" type="xdouble" value="0.0"/>
                <entry key="column_min" type="xdouble" value="0.0"/>
                <entry key="column_max" type="xdouble" value="1.0"/>
            </config>
            <config key="NEUTRO+Sum(TF abs)">
                <entry key="column_name" type="xstring" value="NEUTRO+Sum(TF abs)"/>
                <entry key="column_scale" type="xdouble" value="9.225092250922509E-4"/>
                <entry key="column_translate" type="xdouble" value="0.0"/>
                <entry key="column_min" type="xdouble" value="0.0"/>
                <entry key="column_max" type="xdouble" value="1.0"/>
            </config>
            <config key="POSITIVO+Sum(TF abs)">
                <entry key="column_name" type="xstring" value="POSITIVO+Sum(TF abs)"/>
                <entry key="column_scale" type="xdouble" value="0.0014577259475218659"/>
                <entry key="column_translate" type="xdouble" value="0.0"/>
                <entry key="column_min" type="xdouble" value="0.0"/>
                <entry key="column_max" type="xdouble" value="1.0"/>
            </config>
        </config>
        <entry key="summary" type="xstring" value="Min/Max (0.0, 1) normalization on 3 column(s)"/>
    </config>
</config>
